{"loss0": 0.17305879646470373, "_runtime": 162, "_timestamp": 1641464698, "_step": 4, "loss1": 0.0668437138109443, "loss2": 0.04587961805426232, "loss3": 0.03357795229787319, "loss4": 0.026768540267494943, "_wandb": {"runtime": 161}}